articulo,bloque,tipo,similitud,estado,similitud_control_corrido_40pt
kumar_2022,p01-b01,titulo,100.0,OK,100.0
kumar_2022,p01-b02,parrafo,100.0,OK,75.0
kumar_2022,p01-b03,parrafo,100.0,OK,40.0
kumar_2022,p01-b04,parrafo,100.0,OK,53.7
kumar_2022,p01-b05,parrafo,100.0,OK,45.0
kumar_2022,p01-b06,parrafo,100.0,OK,100.0
kumar_2022,p01-b07,titulo,100.0,OK,40.0
kumar_2022,p01-b08,parrafo,99.8,OK,77.6
kumar_2022,p01-b09,parrafo,100.0,OK,59.5
kumar_2022,p01-b10,parrafo,100.0,OK,59.5
kumar_2022,p01-b11,otro,100.0,OK,43.9
kumar_2022,p01-b12,otro,100.0,OK,0.0
kumar_2022,p01-b13,otro,0.0,REVISAR,0.0
kumar_2022,p02-b01,titulo,100.0,OK,42.9
kumar_2022,p02-b02,parrafo,100.0,OK,62.4
kumar_2022,p02-b03,parrafo,100.0,OK,57.8
kumar_2022,p02-b04,parrafo,100.0,OK,58.2
kumar_2022,p02-b05,parrafo,100.0,OK,58.5
kumar_2022,p02-b06,parrafo,,SIN_TEXTO,
kumar_2022,p02-b07,parrafo,98.8,OK,81.0
kumar_2022,p02-b08,parrafo,97.8,OK,68.4
kumar_2022,p02-b09,parrafo,97.8,OK,70.4
kumar_2022,p02-b10,parrafo,99.0,OK,0.0
kumar_2022,p02-b12,titulo,100.0,OK,31.2
kumar_2022,p02-b13,parrafo,100.0,OK,100.0
kumar_2022,p02-b14,otro,100.0,OK,38.6
kumar_2022,p02-b15,otro,100.0,OK,0.0
kumar_2022,p02-b16,otro,0.0,REVISAR,0.0
kumar_2022,p03-b01,parrafo,,SIN_TEXTO,
kumar_2022,p03-b02,parrafo,100.0,OK,58.8
kumar_2022,p03-b03,parrafo,100.0,OK,62.1
kumar_2022,p03-b04,titulo,100.0,OK,41.3
kumar_2022,p03-b05,parrafo,100.0,OK,61.1
kumar_2022,p03-b06,titulo,100.0,OK,40.0
kumar_2022,p03-b07,parrafo,100.0,OK,73.1
kumar_2022,p03-b08,parrafo,,SIN_TEXTO,
kumar_2022,p03-b10,parrafo,100.0,OK,60.3
kumar_2022,p03-b11,otro,100.0,OK,41.7
kumar_2022,p03-b12,otro,100.0,OK,0.0
kumar_2022,p03-b13,otro,0.0,REVISAR,0.0
kumar_2022,p04-b01,parrafo,100.0,OK,37.0
kumar_2022,p04-b02,parrafo,100.0,OK,40.0
kumar_2022,p04-b03,parrafo,100.0,OK,45.3
kumar_2022,p04-b04,titulo,100.0,OK,51.6
kumar_2022,p04-b05,parrafo,100.0,OK,61.4
kumar_2022,p04-b06,parrafo,100.0,OK,58.5
kumar_2022,p04-b12,parrafo,100.0,OK,0.0
kumar_2022,p04-b13,otro,100.0,OK,0.0
kumar_2022,p04-b14,otro,0.0,REVISAR,0.0
kumar_2022,p05-b01,parrafo,,SIN_TEXTO,
kumar_2022,p05-b04,titulo,100.0,OK,47.1
kumar_2022,p05-b05,parrafo,96.7,OK,97.4
kumar_2022,p05-b06,parrafo,99.0,OK,58.8
kumar_2022,p05-b08,parrafo,97.7,OK,62.3
kumar_2022,p05-b09,parrafo,97.0,OK,64.3
kumar_2022,p05-b10,otro,100.0,OK,41.0
kumar_2022,p05-b11,otro,100.0,OK,0.0
kumar_2022,p05-b12,otro,0.0,REVISAR,0.0
kumar_2022,p06-b01,parrafo,100.0,OK,40.4
kumar_2022,p06-b02,parrafo,99.7,OK,63.6
kumar_2022,p06-b03,titulo,100.0,OK,58.3
kumar_2022,p06-b04,parrafo,100.0,OK,60.8
kumar_2022,p06-b06,titulo,100.0,OK,43.8
kumar_2022,p06-b07,parrafo,100.0,OK,58.2
kumar_2022,p06-b08,parrafo,,SIN_TEXTO,
kumar_2022,p06-b09,parrafo,100.0,OK,61.1
kumar_2022,p06-b10,parrafo,100.0,OK,60.8
kumar_2022,p06-b11,titulo,100.0,OK,40.0
kumar_2022,p06-b12,parrafo,100.0,OK,61.4
kumar_2022,p06-b13,otro,100.0,OK,0.0
kumar_2022,p06-b14,otro,0.0,REVISAR,0.0
kumar_2022,p07-b01,parrafo,,SIN_TEXTO,
kumar_2022,p07-b02,titulo,100.0,OK,47.8
kumar_2022,p07-b03,parrafo,100.0,OK,61.1
kumar_2022,p07-b04,titulo,100.0,OK,28.6
kumar_2022,p07-b05,parrafo,100.0,OK,65.2
kumar_2022,p07-b06,parrafo,,SIN_TEXTO,
kumar_2022,p07-b07,titulo,100.0,OK,0.0
kumar_2022,p07-b08,parrafo,100.0,OK,96.5
kumar_2022,p07-b09,otro,100.0,OK,37.6
kumar_2022,p07-b10,otro,100.0,OK,0.0
kumar_2022,p07-b11,otro,0.0,REVISAR,0.0
kumar_2022,p08-b01,parrafo,100.0,OK,100.0
kumar_2022,p08-b02,otro,100.0,OK,0.0
kumar_2022,p08-b03,otro,0.0,REVISAR,0.0
singh_2023,p01-b02,titulo,99.6,OK,47.2
singh_2023,p01-b03,parrafo,95.7,OK,36.4
singh_2023,p01-b04,parrafo,100.0,OK,42.9
singh_2023,p01-b05,parrafo,100.0,OK,40.2
singh_2023,p01-b06,titulo,100.0,OK,25.0
singh_2023,p01-b07,parrafo,99.7,OK,55.0
singh_2023,p01-b08,parrafo,100.0,OK,41.7
singh_2023,p01-b09,titulo,100.0,OK,44.4
singh_2023,p01-b10,parrafo,100.0,OK,46.6
singh_2023,p01-b11,nota,100.0,OK,36.4
singh_2023,p01-b12,otro,100.0,OK,42.9
singh_2023,p01-b13,nota,100.0,OK,43.1
singh_2023,p01-b14,nota,100.0,OK,60.0
singh_2023,p01-b15,nota,100.0,OK,35.3
singh_2023,p01-b16,otro,0.0,REVISAR,0.0
singh_2023,p01-b17,otro,91.7,OK,0.0
singh_2023,p02-b01,parrafo,,SIN_TEXTO,
singh_2023,p02-b02,parrafo,100.0,OK,50.0
singh_2023,p02-b03,parrafo,100.0,OK,47.0
singh_2023,p02-b04,parrafo,99.7,OK,46.1
singh_2023,p02-b05,parrafo,100.0,OK,48.6
singh_2023,p02-b06,otro,100.0,OK,38.6
singh_2023,p02-b07,otro,100.0,OK,0.0
singh_2023,p03-b01,titulo,100.0,OK,37.0
singh_2023,p03-b02,titulo,100.0,OK,40.6
singh_2023,p03-b03,parrafo,100.0,OK,44.7
singh_2023,p03-b04,titulo,100.0,OK,44.4
singh_2023,p03-b05,parrafo,100.0,OK,47.7
singh_2023,p03-b06,titulo,100.0,OK,38.9
singh_2023,p03-b07,parrafo,99.7,OK,46.6
singh_2023,p03-b08,otro,100.0,OK,40.7
singh_2023,p03-b09,otro,100.0,OK,0.0
singh_2023,p04-b01,parrafo,,SIN_TEXTO,
singh_2023,p04-b02,titulo,100.0,OK,55.1
singh_2023,p04-b03,parrafo,100.0,OK,48.3
singh_2023,p04-b04,titulo,100.0,OK,54.7
singh_2023,p04-b05,parrafo,99.8,OK,0.0
singh_2023,p04-b07,otro,100.0,OK,43.5
singh_2023,p04-b08,otro,100.0,OK,0.0
singh_2023,p05-b01,parrafo,,SIN_TEXTO,
singh_2023,p05-b02,parrafo,100.0,OK,0.0
singh_2023,p05-b03,parrafo,100.0,OK,50.0
singh_2023,p05-b04,titulo,100.0,OK,43.8
singh_2023,p05-b05,parrafo,99.7,OK,50.2
singh_2023,p05-b06,parrafo,100.0,OK,43.4
singh_2023,p05-b07,titulo,100.0,OK,42.4
singh_2023,p05-b08,parrafo,100.0,OK,45.3
singh_2023,p05-b09,parrafo,100.0,OK,0.0
singh_2023,p05-b10,otro,100.0,OK,44.7
singh_2023,p05-b11,otro,100.0,OK,0.0
singh_2023,p06-b01,titulo,100.0,OK,46.2
singh_2023,p06-b02,parrafo,99.7,OK,42.7
singh_2023,p06-b03,parrafo,100.0,OK,0.0
singh_2023,p06-b04,parrafo,100.0,OK,48.0
singh_2023,p06-b05,titulo,100.0,OK,38.5
singh_2023,p06-b06,parrafo,100.0,OK,46.0
singh_2023,p06-b07,parrafo,100.0,OK,41.7
singh_2023,p06-b08,titulo,100.0,OK,100.0
singh_2023,p06-b09,parrafo,100.0,OK,47.5
singh_2023,p06-b10,otro,100.0,OK,0.0
singh_2023,p06-b11,otro,100.0,OK,0.0
singh_2023,p07-b02,otro,100.0,OK,0.0
singh_2023,p07-b03,otro,100.0,OK,0.0
singh_2023,p08-b02,titulo,100.0,OK,46.2
singh_2023,p08-b03,parrafo,100.0,OK,45.4
singh_2023,p08-b04,titulo,100.0,OK,40.0
singh_2023,p08-b05,parrafo,100.0,OK,49.1
singh_2023,p08-b07,otro,100.0,OK,39.3
singh_2023,p08-b08,otro,100.0,OK,0.0
singh_2023,p09-b02,parrafo,,SIN_TEXTO,
singh_2023,p09-b04,otro,100.0,OK,40.0
singh_2023,p09-b05,otro,100.0,OK,0.0
singh_2023,p10-b02,titulo,100.0,OK,80.0
singh_2023,p10-b03,parrafo,97.3,OK,81.3
singh_2023,p10-b04,titulo,100.0,OK,43.8
singh_2023,p10-b05,parrafo,100.0,OK,48.9
singh_2023,p10-b06,parrafo,100.0,OK,75.0
singh_2023,p10-b07,parrafo,100.0,OK,52.6
singh_2023,p10-b08,parrafo,94.7,OK,46.4
singh_2023,p10-b09,parrafo,100.0,OK,47.6
singh_2023,p10-b10,parrafo,100.0,OK,47.7
singh_2023,p10-b12,otro,100.0,OK,55.6
singh_2023,p10-b13,otro,100.0,OK,0.0
singh_2023,p11-b02,parrafo,,SIN_TEXTO,
singh_2023,p11-b03,parrafo,100.0,OK,47.9
singh_2023,p11-b04,parrafo,100.0,OK,46.8
singh_2023,p11-b05,parrafo,100.0,OK,56.8
singh_2023,p11-b06,parrafo,100.0,OK,42.3
singh_2023,p11-b08,otro,100.0,OK,0.0
singh_2023,p11-b09,otro,100.0,OK,0.0
singh_2023,p12-b02,parrafo,,SIN_TEXTO,
singh_2023,p12-b03,parrafo,74.3,REVISAR,82.1
singh_2023,p12-b04,titulo,100.0,OK,55.6
singh_2023,p12-b05,parrafo,99.3,OK,50.7
singh_2023,p12-b07,otro,100.0,OK,0.0
singh_2023,p12-b08,otro,100.0,OK,0.0
singh_2023,p13-b02,parrafo,,SIN_TEXTO,
singh_2023,p13-b03,parrafo,100.0,OK,53.7
singh_2023,p13-b05,otro,100.0,OK,0.0
singh_2023,p13-b06,otro,100.0,OK,0.0
singh_2023,p14-b02,parrafo,,SIN_TEXTO,
singh_2023,p14-b03,parrafo,99.7,OK,43.4
singh_2023,p14-b04,titulo,100.0,OK,33.3
singh_2023,p14-b05,parrafo,99.7,OK,44.1
singh_2023,p14-b06,otro,100.0,OK,0.0
singh_2023,p14-b07,otro,100.0,OK,0.0
singh_2023,p15-b01,parrafo,,SIN_TEXTO,
singh_2023,p15-b02,titulo,100.0,OK,35.3
singh_2023,p15-b03,parrafo,100.0,OK,45.9
singh_2023,p15-b04,titulo,100.0,OK,42.3
singh_2023,p15-b05,parrafo,99.7,OK,48.0
singh_2023,p15-b06,parrafo,100.0,OK,44.6
singh_2023,p15-b07,titulo,100.0,OK,0.0
singh_2023,p15-b08,parrafo,100.0,OK,0.0
singh_2023,p15-b09,otro,100.0,OK,63.3
singh_2023,p15-b10,otro,100.0,OK,0.0
singh_2023,p16-b01,titulo,100.0,OK,40.0
singh_2023,p16-b02,parrafo,97.7,OK,43.0
singh_2023,p16-b03,otro,100.0,OK,40.0
singh_2023,p16-b04,otro,100.0,OK,0.0
singh_2023,p17-b01,parrafo,97.3,OK,41.0
singh_2023,p17-b02,otro,100.0,OK,61.4
singh_2023,p17-b03,otro,100.0,OK,0.0
singh_2023,p18-b01,parrafo,97.7,OK,52.0
singh_2023,p18-b02,parrafo,99.3,OK,46.3
singh_2023,p18-b03,parrafo,100.0,OK,0.0
singh_2023,p18-b04,otro,100.0,OK,38.8
singh_2023,p18-b05,otro,100.0,OK,0.0
